{"module": "keras.src.models.functional", "class_name": "Functional", "config": {"name": "functional_1", "trainable": true, "layers": [{"module": "keras.layers", "class_name": "InputLayer", "config": {"batch_shape": [null, 513, 40, 1], "dtype": "float32", "sparse": false, "name": "input_layer"}, "registered_name": null, "name": "input_layer", "inbound_nodes": []}, {"module": "keras.layers", "class_name": "Conv2D", "config": {"name": "conv2d", "trainable": true, "dtype": "float32", "filters": 16, "kernel_size": [3, 3], "strides": [1, 1], "padding": "same", "data_format": "channels_last", "dilation_rate": [1, 1], "groups": 1, "activation": "relu", "use_bias": true, "kernel_initializer": {"module": "keras.initializers", "class_name": "GlorotUniform", "config": {"seed": null}, "registered_name": null}, "bias_initializer": {"module": "keras.initializers", "class_name": "Zeros", "config": {}, "registered_name": null}, "kernel_regularizer": null, "bias_regularizer": null, "activity_regularizer": null, "kernel_constraint": null, "bias_constraint": null}, "registered_name": null, "build_config": {"input_shape": [null, 513, 40, 1]}, "name": "conv2d", "inbound_nodes": [{"args": [{"class_name": "__keras_tensor__", "config": {"shape": [null, 513, 40, 1], "dtype": "float32", "keras_history": ["input_layer", 0, 0]}}], "kwargs": {}}]}, {"module": "keras.layers", "class_name": "Conv2D", "config": {"name": "conv2d_1", "trainable": true, "dtype": "float32", "filters": 16, "kernel_size": [3, 3], "strides": [1, 1], "padding": "same", "data_format": "channels_last", "dilation_rate": [1, 1], "groups": 1, "activation": "relu", "use_bias": true, "kernel_initializer": {"module": "keras.initializers", "class_name": "GlorotUniform", "config": {"seed": null}, "registered_name": null}, "bias_initializer": {"module": "keras.initializers", "class_name": "Zeros", "config": {}, "registered_name": null}, "kernel_regularizer": null, "bias_regularizer": null, "activity_regularizer": null, "kernel_constraint": null, "bias_constraint": null}, "registered_name": null, "build_config": {"input_shape": [null, 513, 40, 16]}, "name": "conv2d_1", "inbound_nodes": [{"args": [{"class_name": "__keras_tensor__", "config": {"shape": [null, 513, 40, 16], "dtype": "float32", "keras_history": ["conv2d", 0, 0]}}], "kwargs": {}}]}, {"module": "keras.layers", "class_name": "Concatenate", "config": {"name": "concatenate", "trainable": true, "dtype": "float32", "axis": -1}, "registered_name": null, "build_config": {"input_shape": [[null, 513, 40, 16], [null, 513, 40, 1]]}, "name": "concatenate", "inbound_nodes": [{"args": [[{"class_name": "__keras_tensor__", "config": {"shape": [null, 513, 40, 16], "dtype": "float32", "keras_history": ["conv2d_1", 0, 0]}}, {"class_name": "__keras_tensor__", "config": {"shape": [null, 513, 40, 1], "dtype": "float32", "keras_history": ["input_layer", 0, 0]}}]], "kwargs": {}}]}, {"module": "keras.layers", "class_name": "MaxPooling2D", "config": {"name": "max_pooling2d", "trainable": true, "dtype": "float32", "pool_size": [2, 2], "padding": "valid", "strides": [2, 2], "data_format": "channels_last"}, "registered_name": null, "build_config": {"input_shape": [null, 513, 40, 17]}, "name": "max_pooling2d", "inbound_nodes": [{"args": [{"class_name": "__keras_tensor__", "config": {"shape": [null, 513, 40, 17], "dtype": "float32", "keras_history": ["concatenate", 0, 0]}}], "kwargs": {}}]}, {"module": "keras.layers", "class_name": "Dropout", "config": {"name": "dropout", "trainable": true, "dtype": "float32", "rate": 0.1, "seed": null, "noise_shape": null}, "registered_name": null, "build_config": {"input_shape": [null, 256, 20, 17]}, "name": "dropout", "inbound_nodes": [{"args": [{"class_name": "__keras_tensor__", "config": {"shape": [null, 256, 20, 17], "dtype": "float32", "keras_history": ["max_pooling2d", 0, 0]}}], "kwargs": {"training": false}}]}, {"module": "keras.layers", "class_name": "Conv2D", "config": {"name": "conv2d_2", "trainable": true, "dtype": "float32", "filters": 32, "kernel_size": [3, 3], "strides": [1, 1], "padding": "same", "data_format": "channels_last", "dilation_rate": [1, 1], "groups": 1, "activation": "relu", "use_bias": true, "kernel_initializer": {"module": "keras.initializers", "class_name": "GlorotUniform", "config": {"seed": null}, "registered_name": null}, "bias_initializer": {"module": "keras.initializers", "class_name": "Zeros", "config": {}, "registered_name": null}, "kernel_regularizer": null, "bias_regularizer": null, "activity_regularizer": null, "kernel_constraint": null, "bias_constraint": null}, "registered_name": null, "build_config": {"input_shape": [null, 256, 20, 17]}, "name": "conv2d_2", "inbound_nodes": [{"args": [{"class_name": "__keras_tensor__", "config": {"shape": [null, 256, 20, 17], "dtype": "float32", "keras_history": ["dropout", 0, 0]}}], "kwargs": {}}]}, {"module": "keras.layers", "class_name": "Conv2D", "config": {"name": "conv2d_3", "trainable": true, "dtype": "float32", "filters": 32, "kernel_size": [3, 3], "strides": [1, 1], "padding": "same", "data_format": "channels_last", "dilation_rate": [1, 1], "groups": 1, "activation": "relu", "use_bias": true, "kernel_initializer": {"module": "keras.initializers", "class_name": "GlorotUniform", "config": {"seed": null}, "registered_name": null}, "bias_initializer": {"module": "keras.initializers", "class_name": "Zeros", "config": {}, "registered_name": null}, "kernel_regularizer": null, "bias_regularizer": null, "activity_regularizer": null, "kernel_constraint": null, "bias_constraint": null}, "registered_name": null, "build_config": {"input_shape": [null, 256, 20, 32]}, "name": "conv2d_3", "inbound_nodes": [{"args": [{"class_name": "__keras_tensor__", "config": {"shape": [null, 256, 20, 32], "dtype": "float32", "keras_history": ["conv2d_2", 0, 0]}}], "kwargs": {}}]}, {"module": "keras.layers", "class_name": "Concatenate", "config": {"name": "concatenate_1", "trainable": true, "dtype": "float32", "axis": -1}, "registered_name": null, "build_config": {"input_shape": [[null, 256, 20, 32], [null, 256, 20, 17]]}, "name": "concatenate_1", "inbound_nodes": [{"args": [[{"class_name": "__keras_tensor__", "config": {"shape": [null, 256, 20, 32], "dtype": "float32", "keras_history": ["conv2d_3", 0, 0]}}, {"class_name": "__keras_tensor__", "config": {"shape": [null, 256, 20, 17], "dtype": "float32", "keras_history": ["dropout", 0, 0]}}]], "kwargs": {}}]}, {"module": "keras.layers", "class_name": "MaxPooling2D", "config": {"name": "max_pooling2d_1", "trainable": true, "dtype": "float32", "pool_size": [2, 2], "padding": "valid", "strides": [2, 2], "data_format": "channels_last"}, "registered_name": null, "build_config": {"input_shape": [null, 256, 20, 49]}, "name": "max_pooling2d_1", "inbound_nodes": [{"args": [{"class_name": "__keras_tensor__", "config": {"shape": [null, 256, 20, 49], "dtype": "float32", "keras_history": ["concatenate_1", 0, 0]}}], "kwargs": {}}]}, {"module": "keras.layers", "class_name": "Dropout", "config": {"name": "dropout_1", "trainable": true, "dtype": "float32", "rate": 0.1, "seed": null, "noise_shape": null}, "registered_name": null, "build_config": {"input_shape": [null, 128, 10, 49]}, "name": "dropout_1", "inbound_nodes": [{"args": [{"class_name": "__keras_tensor__", "config": {"shape": [null, 128, 10, 49], "dtype": "float32", "keras_history": ["max_pooling2d_1", 0, 0]}}], "kwargs": {"training": false}}]}, {"module": "keras.layers", "class_name": "Conv2D", "config": {"name": "conv2d_4", "trainable": true, "dtype": "float32", "filters": 64, "kernel_size": [3, 3], "strides": [1, 1], "padding": "same", "data_format": "channels_last", "dilation_rate": [1, 1], "groups": 1, "activation": "relu", "use_bias": true, "kernel_initializer": {"module": "keras.initializers", "class_name": "GlorotUniform", "config": {"seed": null}, "registered_name": null}, "bias_initializer": {"module": "keras.initializers", "class_name": "Zeros", "config": {}, "registered_name": null}, "kernel_regularizer": null, "bias_regularizer": null, "activity_regularizer": null, "kernel_constraint": null, "bias_constraint": null}, "registered_name": null, "build_config": {"input_shape": [null, 128, 10, 49]}, "name": "conv2d_4", "inbound_nodes": [{"args": [{"class_name": "__keras_tensor__", "config": {"shape": [null, 128, 10, 49], "dtype": "float32", "keras_history": ["dropout_1", 0, 0]}}], "kwargs": {}}]}, {"module": "keras.layers", "class_name": "Conv2D", "config": {"name": "conv2d_5", "trainable": true, "dtype": "float32", "filters": 64, "kernel_size": [3, 3], "strides": [1, 1], "padding": "same", "data_format": "channels_last", "dilation_rate": [1, 1], "groups": 1, "activation": "relu", "use_bias": true, "kernel_initializer": {"module": "keras.initializers", "class_name": "GlorotUniform", "config": {"seed": null}, "registered_name": null}, "bias_initializer": {"module": "keras.initializers", "class_name": "Zeros", "config": {}, "registered_name": null}, "kernel_regularizer": null, "bias_regularizer": null, "activity_regularizer": null, "kernel_constraint": null, "bias_constraint": null}, "registered_name": null, "build_config": {"input_shape": [null, 128, 10, 64]}, "name": "conv2d_5", "inbound_nodes": [{"args": [{"class_name": "__keras_tensor__", "config": {"shape": [null, 128, 10, 64], "dtype": "float32", "keras_history": ["conv2d_4", 0, 0]}}], "kwargs": {}}]}, {"module": "keras.layers", "class_name": "Concatenate", "config": {"name": "concatenate_2", "trainable": true, "dtype": "float32", "axis": -1}, "registered_name": null, "build_config": {"input_shape": [[null, 128, 10, 64], [null, 128, 10, 49]]}, "name": "concatenate_2", "inbound_nodes": [{"args": [[{"class_name": "__keras_tensor__", "config": {"shape": [null, 128, 10, 64], "dtype": "float32", "keras_history": ["conv2d_5", 0, 0]}}, {"class_name": "__keras_tensor__", "config": {"shape": [null, 128, 10, 49], "dtype": "float32", "keras_history": ["dropout_1", 0, 0]}}]], "kwargs": {}}]}, {"module": "keras.layers", "class_name": "MaxPooling2D", "config": {"name": "max_pooling2d_2", "trainable": true, "dtype": "float32", "pool_size": [2, 2], "padding": "valid", "strides": [2, 2], "data_format": "channels_last"}, "registered_name": null, "build_config": {"input_shape": [null, 128, 10, 113]}, "name": "max_pooling2d_2", "inbound_nodes": [{"args": [{"class_name": "__keras_tensor__", "config": {"shape": [null, 128, 10, 113], "dtype": "float32", "keras_history": ["concatenate_2", 0, 0]}}], "kwargs": {}}]}, {"module": "keras.layers", "class_name": "Dropout", "config": {"name": "dropout_2", "trainable": true, "dtype": "float32", "rate": 0.1, "seed": null, "noise_shape": null}, "registered_name": null, "build_config": {"input_shape": [null, 64, 5, 113]}, "name": "dropout_2", "inbound_nodes": [{"args": [{"class_name": "__keras_tensor__", "config": {"shape": [null, 64, 5, 113], "dtype": "float32", "keras_history": ["max_pooling2d_2", 0, 0]}}], "kwargs": {"training": false}}]}, {"module": "keras.layers", "class_name": "Conv2D", "config": {"name": "conv2d_6", "trainable": true, "dtype": "float32", "filters": 96, "kernel_size": [3, 3], "strides": [1, 1], "padding": "same", "data_format": "channels_last", "dilation_rate": [1, 1], "groups": 1, "activation": "relu", "use_bias": true, "kernel_initializer": {"module": "keras.initializers", "class_name": "GlorotUniform", "config": {"seed": null}, "registered_name": null}, "bias_initializer": {"module": "keras.initializers", "class_name": "Zeros", "config": {}, "registered_name": null}, "kernel_regularizer": null, "bias_regularizer": null, "activity_regularizer": null, "kernel_constraint": null, "bias_constraint": null}, "registered_name": null, "build_config": {"input_shape": [null, 64, 5, 113]}, "name": "conv2d_6", "inbound_nodes": [{"args": [{"class_name": "__keras_tensor__", "config": {"shape": [null, 64, 5, 113], "dtype": "float32", "keras_history": ["dropout_2", 0, 0]}}], "kwargs": {}}]}, {"module": "keras.layers", "class_name": "Conv2D", "config": {"name": "conv2d_7", "trainable": true, "dtype": "float32", "filters": 96, "kernel_size": [3, 3], "strides": [1, 1], "padding": "same", "data_format": "channels_last", "dilation_rate": [1, 1], "groups": 1, "activation": "relu", "use_bias": true, "kernel_initializer": {"module": "keras.initializers", "class_name": "GlorotUniform", "config": {"seed": null}, "registered_name": null}, "bias_initializer": {"module": "keras.initializers", "class_name": "Zeros", "config": {}, "registered_name": null}, "kernel_regularizer": null, "bias_regularizer": null, "activity_regularizer": null, "kernel_constraint": null, "bias_constraint": null}, "registered_name": null, "build_config": {"input_shape": [null, 64, 5, 96]}, "name": "conv2d_7", "inbound_nodes": [{"args": [{"class_name": "__keras_tensor__", "config": {"shape": [null, 64, 5, 96], "dtype": "float32", "keras_history": ["conv2d_6", 0, 0]}}], "kwargs": {}}]}, {"module": "keras.layers", "class_name": "Concatenate", "config": {"name": "concatenate_3", "trainable": true, "dtype": "float32", "axis": -1}, "registered_name": null, "build_config": {"input_shape": [[null, 64, 5, 96], [null, 64, 5, 113]]}, "name": "concatenate_3", "inbound_nodes": [{"args": [[{"class_name": "__keras_tensor__", "config": {"shape": [null, 64, 5, 96], "dtype": "float32", "keras_history": ["conv2d_7", 0, 0]}}, {"class_name": "__keras_tensor__", "config": {"shape": [null, 64, 5, 113], "dtype": "float32", "keras_history": ["dropout_2", 0, 0]}}]], "kwargs": {}}]}, {"module": "keras.layers", "class_name": "MaxPooling2D", "config": {"name": "max_pooling2d_3", "trainable": true, "dtype": "float32", "pool_size": [2, 2], "padding": "valid", "strides": [2, 2], "data_format": "channels_last"}, "registered_name": null, "build_config": {"input_shape": [null, 64, 5, 209]}, "name": "max_pooling2d_3", "inbound_nodes": [{"args": [{"class_name": "__keras_tensor__", "config": {"shape": [null, 64, 5, 209], "dtype": "float32", "keras_history": ["concatenate_3", 0, 0]}}], "kwargs": {}}]}, {"module": "keras.layers", "class_name": "Dropout", "config": {"name": "dropout_3", "trainable": true, "dtype": "float32", "rate": 0.1, "seed": null, "noise_shape": null}, "registered_name": null, "build_config": {"input_shape": [null, 32, 2, 209]}, "name": "dropout_3", "inbound_nodes": [{"args": [{"class_name": "__keras_tensor__", "config": {"shape": [null, 32, 2, 209], "dtype": "float32", "keras_history": ["max_pooling2d_3", 0, 0]}}], "kwargs": {"training": false}}]}, {"module": "keras.layers", "class_name": "Flatten", "config": {"name": "flatten", "trainable": true, "dtype": "float32", "data_format": "channels_last"}, "registered_name": null, "build_config": {"input_shape": [null, 32, 2, 209]}, "name": "flatten", "inbound_nodes": [{"args": [{"class_name": "__keras_tensor__", "config": {"shape": [null, 32, 2, 209], "dtype": "float32", "keras_history": ["dropout_3", 0, 0]}}], "kwargs": {}}]}, {"module": "keras.layers", "class_name": "Dense", "config": {"name": "dense", "trainable": true, "dtype": "float32", "units": 4, "activation": "softmax", "use_bias": true, "kernel_initializer": {"module": "keras.initializers", "class_name": "GlorotUniform", "config": {"seed": null}, "registered_name": null}, "bias_initializer": {"module": "keras.initializers", "class_name": "Zeros", "config": {}, "registered_name": null}, "kernel_regularizer": null, "bias_regularizer": null, "kernel_constraint": null, "bias_constraint": null}, "registered_name": null, "build_config": {"input_shape": [null, 13376]}, "name": "dense", "inbound_nodes": [{"args": [{"class_name": "__keras_tensor__", "config": {"shape": [null, 13376], "dtype": "float32", "keras_history": ["flatten", 0, 0]}}], "kwargs": {}}]}], "input_layers": [["input_layer", 0, 0]], "output_layers": [["dense", 0, 0]]}, "registered_name": "Functional", "build_config": {"input_shape": null}, "compile_config": {"optimizer": "adam", "loss": "sparse_categorical_crossentropy", "loss_weights": null, "metrics": ["accuracy"], "weighted_metrics": null, "run_eagerly": false, "steps_per_execution": 1, "jit_compile": false}}